30a-mahjong-studio-1	30Ave-MahjongStudio-1.jpg	1200x800
30a-mahjong-studio-2	30Ave-MahjongStudio-2026-1234-services.jpg	1042x695
30a-mahjong-studio-3	30Ave-MahjongStudio-2.jpg	533x800
30a-medical-spa-1	30A-Medical-Spa-23rt.jpg	2048x1366
30a-medical-spa-2	30A-Medical-Spa-16rt.jpg	1366x2048
30a-olive-oil-1	30a-Olive-Oil-009rt-2.jpg	1366x1366
30a-olive-oil-2	30a_olive_oil_2.jpg	2048x1400
30a-smiles-1	03-30ASmiles-RT.jpg	2048x1537
30a-smiles-2	12-30ASmiles-RT-cropped.jpg	1082x1365
aja-elevated-asian-1	Aja-045rt.jpg	2048x1366
aja-elevated-asian-2	aja_2.jpg	2048x1400
amici-30a-italian-kitchen-2-1	06-Amici30AItalianKitchen-RT.jpg	1366x2048
amici-30a-italian-kitchen-2-2	amici.jpg	2048x1400
amigos-30a-mexican-kitchen-1	amigos.jpg	2048x1400
amigos-30a-mexican-kitchen-2	Amigos-018-rt-2.jpg	1365x1365
ascension-medical-1	ascension-1.jpg	2048x1400
attycats-arcade-1	30Avenue-Attycats-2024-059rt.jpg	2500x1667
bohlert-massey-interiors-shop-1	28-BohlertMassey-RT-scaled-1.jpg	2048x1537
bohlert-massey-interiors-shop-2	bohlert_3.jpg	2048x1400
canopy-road-cafe-1	canopy_3.jpg	2048x1400
canopy-road-cafe-2	CanopyRoad-024rt.jpg	1366x2048
canopy-road-cafe-3	CanopyRoad-012rt-edit.jpg	2048x1366
cuvee-30a-1	cuvee_3.jpg	2048x1400
cuvee-30a-2	Crusted-Yellowfin-Tuna-Cuvee-30A.jpg	1200x800
cuvee-catering-1	Cuvee-1.png	1512x1010
cuvee-catering-2	cuvee_catering2.jpg	2048x1400
goatfeathers-seafood-market-1	goatfeathers_2-1.jpg	2048x1400
goatfeathers-seafood-market-2	Goatfeathers-008rt.jpg	2048x1462
great-american-cookies-1	cookies_2.jpg	2048x1400
idyll-hound-proper-1	idh_2.jpg	2048x1400
lighting-etc-shop-1	05-LightingEtc-RT.jpg	2048x1366
lighting-etc-shop-2	06-LightingEtc-RT.jpg	1366x2048
marble-slab-creamery-1	marble_slab_3.jpg	2048x1400
marble-slab-creamery-2	marble_slab.jpg	2048x1400
modernmade-photography-1	img2.jpg	996x696
modernmade-photography-2	img3.jpg	992x692
myst-1	30a-Myst-20rt.jpg	2048x1366
myst-2	30a-Myst-23rt.jpg	2048x1366
myst-3	myst.jpg	1057x700
not-too-shabby-store-1	not_too_shabby_2.jpg	2048x1400
not-too-shabby-store-2	not_too_shabby_retail.jpg	2048x1400
obscure-wine-company-1	30Ave-Obscure-2026-1181-new.jpg	1200x800
obscure-wine-company-2	30Ave-Obscure-080426.jpg	800x820
ohana-day-school-1	ohana.jpg	2048x1400
rollands-beauty-bar-1	rolands_3.jpg	2048x1400
rollands-beauty-bar-2	09-Rollands-RT-scaled-1.jpg	1366x2048
runnels-orthodontics-1	Runnels_Murphy_4-18105894_b.jpg	2048x1365
runnels-orthodontics-2	Runnels_Murphy_4-18106352_c.jpg	2048x1365
scenic-sothebys-international-realty-1	sothebys-1.jpg	1232x822
southern-charm-1	OKO.jpg	1059x707
willow-mercer-1	willow-1.jpg	2048x1400
willow-mercer-2	30ave-willow-interios-3102.jpg	1365x2048
willow-mercer-3	30ave-willow-interios-3107-rt-2.jpg	1366x1366
walton-funding-1	SouthOak.jpg	500x547